<?xml version="1.0" encoding="UTF-8"?>
<VectorHardwareConfiguration>
  <VectorHardware>
    <HW_Name>Virtual Channel 1</HW_Name>
    <HW_Type>1</HW_Type>
    <HW_Index>1</HW_Index>
    <HW_DriverVersion>150a0014</HW_DriverVersion>
    <HW_TransceiverType>22</HW_TransceiverType>
    <HW_TransceiverState>0</HW_TransceiverState>
    <HW_TransceiverName>Virtual CAN</HW_TransceiverName>
    <HW_CAN_FD_Support>1</HW_CAN_FD_Support>
    <HW_Channel>1</HW_Channel>
    <HW_SN>100</HW_SN>
    <BUS_Type>Unknown</BUS_Type>
    <CHN_Index>0</CHN_Index>
    <IF_Version>4</IF_Version>
    <AssignedApplications>
      <Application>CANape CAN 1</Application>
      <Application>DiagnosticImitator CAN 1</Application>
    </AssignedApplications>
  </VectorHardware>
  <VectorHardware>
    <HW_Name>Virtual Channel 2</HW_Name>
    <HW_Type>1</HW_Type>
    <HW_Index>1</HW_Index>
    <HW_DriverVersion>150a0014</HW_DriverVersion>
    <HW_TransceiverType>22</HW_TransceiverType>
    <HW_TransceiverState>0</HW_TransceiverState>
    <HW_TransceiverName>Virtual CAN</HW_TransceiverName>
    <HW_CAN_FD_Support>1</HW_CAN_FD_Support>
    <HW_Channel>2</HW_Channel>
    <HW_SN>100</HW_SN>
    <BUS_Type>Unknown</BUS_Type>
    <CHN_Index>1</CHN_Index>
    <IF_Version>4</IF_Version>
    <AssignedApplications>
      <Application>CANape CAN 16</Application>
      <Application>CANoe CAN 1</Application>
      <Application>CCPsim CAN 1</Application>
      <Application>XCPsim CAN 1</Application>
    </AssignedApplications>
  </VectorHardware>
</VectorHardwareConfiguration>
