<?xml version="1.0" encoding="ISO-8859-1"?>
<!--A.Kleinert (Audi AG), Abt.I/EE-61, Tel.0841-89-42341
Version 1.4-->
<!--[PRG_13_AU64_V0_1]
-->
<MESSAGE DTD="XMLMSG" VERSION="1.1">
<RESULT>
<RESPONSE NAME="GetParametrizeData" DTD="RepairHints" VERSION="1.4.0.0" ID="0">
<DATA>
<PARAMETER_DATA DIAGNOSTIC_ADDRESS="0x10" START_ADDRESS="0x0000" PR_IDX="0" ZDC_NAME="-----------" ZDC_VERSION="----" LOGIN="91153" LOGIN_IND="">
0x01,0x02,0x03,0x04,0x05,0x06,0x07,0x08,0x09,0x10,0x11,0x12,0x13,0x14,0x15,0x16,0x17,0x18,0x19,0x20,0x21,0x22,0x23,0x24,0x25,0x26,0x27,0x28,0x29,0x30,0x31,0x32,0x33,0x34,0x35,0x36,0x37,0x38,0x39,0x40,0x41,0x42,0x43,0x44,0x45,0x46,0x47,0x48,0x01,0x02,0x03,0x04,0x05,0x06,0x07,0x08,0x09,0x25
</PARAMETER_DATA>
</DATA>
</RESPONSE>
</RESULT>
</MESSAGE>
